N_MODEL,HIDDEN_SIZE,N_LAYERS,DIRECTIONS,RECALL,PRECISION,F1,RECALL_WO_O,PRECISION_WO_O,F1_WO_O
Model1,500,1,1,0.8768652189736746,0.8566161519132397,0.855460667308668,0.44630071599045346,0.7138431759743868,0.5337436725638264
Model2,500,2,1,0.8811112459056168,0.8664254738877354,0.8587738387775196,0.4564439140811456,0.764416168076762,0.5464846549160388
Model3,500,3,1,0.8574548101419386,0.798274367868835,0.8210009951646288,0.33591885441527447,0.4531300423036515,0.3721003652761763
Model4,500,1,2,0.8959116826398156,0.883719768858085,0.8796044793221007,0.5196897374701671,0.7870907911567692,0.6103651073260127
Model5,500,2,2,0.90367584617251,0.9025252847624918,0.8901836647919958,0.5435560859188544,0.9049067191501797,0.6697611083951258
Model6,500,3,2,0.9187189130171054,0.9147699789917595,0.9104600769450338,0.6348448687350835,0.8789269594848677,0.7306043796326853
Model7,800,1,2,0.9075579279388573,0.9005145788381439,0.8958934319451757,0.5745823389021479,0.8430032423055995,0.6748878914643917
Model8,800,2,2,0.9153220914715516,0.9146392911984447,0.9037110986895251,0.610381861575179,0.8961091089037767,0.7033947440113497
Model9,800,3,2,0.9173844474099235,0.9139902315193642,0.9083992438951933,0.6324582338902148,0.8764168278127202,0.7231231319848294
