N_MODEL,HIDDEN_SIZE,N_LAYERS,DIRECTIONS,RECALL,PRECISION,F1,RECALL_WO_O,PRECISION_WO_O,F1_WO_O
Model1,500,1,1,0.8186339924784666,0.7800144008620826,0.777788682373835,0.21957040572792363,0.502291540264635,0.27065715224226566
Model2,500,2,1,0.8188766225888633,0.7987107721600927,0.7885049494206213,0.315035799522673,0.5247474047287516,0.3268106037750943
Model3,500,3,1,0.8354967851510372,0.7713042030936915,0.7951378751451164,0.2822195704057279,0.43002196269964077,0.3304230240215909
Model4,500,1,2,0.860366371466699,0.8419067343060384,0.8364609926097787,0.3818615751789976,0.6922626764131675,0.47591104337316764
Model5,500,2,2,0.8472643455052772,0.8794431900104434,0.858607092193047,0.6276849642004774,0.5902961499682076,0.5882763214435025
Model6,500,3,2,0.8977314084677909,0.8914120423380699,0.8876443038179673,0.5626491646778043,0.8167674664626225,0.6611184447453745
Model7,800,1,2,0.8601237413563023,0.8509389997788767,0.8457387935460516,0.47195704057279236,0.6451049767888462,0.5136339704098092
Model8,800,2,2,0.891544340652675,0.8840069960211037,0.8812083873152456,0.5632458233890215,0.7661500420046299,0.6362877331094471
Model9,800,3,2,0.8955477374742206,0.8879491917967195,0.887131246951468,0.5763723150357996,0.770147437517286,0.6541490230847246
